user0001,$2a$10$.rNI.9YqP2AldY0nzh0w5.dRap14lk3AcLj2iOQm7wadWhpqLTuYO
user0002,$2a$10$wukEwPPdQNvvTCKvPEVUveWUbU/PX33rfAWHD7OInCsuXNjwv0uG.
user0003,$2a$10$h67Rz3ni7eKfl5GpevKW3O0cu1jfTx7aaOn/prCwzbh0/E5wIfuWy
user0004,$2a$10$IwNQjZAvpla9oeOtkHL2Y.mO0brSPkAy3usuIwc6elgAWLpJGEGe.
user0005,$2a$10$Por4VUmODs6FrVFlYSWpZet/uRGjZUwYMjPlVt.hywM0Z1N7SY.0a
user0006,$2a$10$x9xwblWdf8HK0nJRpieaSOZWGAQug4rTVYOfXzYMsxem0VWiigiv.
user0007,$2a$10$1YJqZ3EbFUxLKyS/m3xXc.N/KE3IATCP3pGRSe7PDK.YaPcCSqP9O
user0008,$2a$10$8UybQIkWTm7tELUBcIpH9O02NZJnDpj7zK4GY5xzUIly47hrXGOv2
user0009,$2a$10$0maG458ygw9pWl/T2thQUuwWJc59qcmkD3d/J28Ci6JF9yGFBpZ72
user0010,$2a$10$GNZs5qGq0/Tkbb43K982e.a9XGnRiVyVIGbE.blY4IU.dEc4X.twa
user0011,$2a$10$4TuUtVkIRU6wKjU6kfiDde9v0YeOlPsZzpzf024wCSrYaQtRGADCy
user0012,$2a$10$mgxCfflr185lp8W7IAb6KuDQXA8umdJWjbTZgHcXCTUG.pOdgR1sC
user0013,$2a$10$OFFGBks8kZ7axR0ktOcOyOrMuIhVRmCKTbmZaaja.pngfhI74qeaK
user0014,$2a$10$662jw0xLNzZNVmxEKBicaOkvotcF91V0ddMygDxYmGlvzjX0VrOqq
user0015,$2a$10$rMuU.LwMuI5yqj2.FXOtV.kNlA1BANKOuzfhxwY6vmAbo5E2X1vJS
user0016,$2a$10$nzh476FvvKJHx0qJ3.JgyuOxqHil4SUh1EbIKlbRtpCzdoMAFj2eu
user0017,$2a$10$ZX16Ig3kxuuN.WxmYaTt3.BB7WtluL9VwceU.fWiBlVg308DnZxKC
user0018,$2a$10$skZqIK/HMPYnhpcJkZKeAuaZJSeKIDoLHUWqntL/rsQLNIAKb9LBK
user0019,$2a$10$hO3nuj64tUPWjJe.7pQLPexjSe6NUTwewPxXAcje9feo/McRoYtdC
user0020,$2a$10$3dqY8KhAHPl8AUcP1kjbF.Gb0aCKQYnqiGyhcJWHUzoL9Trr6NaXS
user0021,$2a$10$hauGu7/OyrtRJdD5dM5uOOVbYpi388YGGL6jD/tHvrRNX.EgjPkni
user0022,$2a$10$cUrd.VHAmEk4szizEbonyuN73ESfsU5c1B2xWB5Gm6Wp3nU859pFe
user0023,$2a$10$15yQjS78RVFP/4QOxO1tReRczmEFpB6vihybBLGIloZrsEKDajTSO
user0024,$2a$10$0/Ky4TyaQyYYM4BXst7Mbe0TL6s7TfEqKUvo5VaqR4mj4JxJycFmW
user0025,$2a$10$iOUVjPNuVS3FatcPzlmDVe2JCXyJyXPqzNnyGO2RSZox8lcloG4he
user0026,$2a$10$YmCyZa8ehgpO7yovGM3cnO54ER2wZNCehNJTtJkJkm3P6RikuCwym
user0027,$2a$10$I89eQ/sdZEGL6wW4b2jruOJ2VNyFCNBJpeKtje6HXe5sSyXY3vV72
user0028,$2a$10$sSIEkLkfpvlN0tCuoo2cOe5DwrEF.NhjKwm96YLcHgXPGlHW7Zhvm
user0029,$2a$10$FP1MtNjg39Mf8g7peorUduEYxDyKF6RGI8K4rpHMjF6h2knS/YPpW
user0030,$2a$10$splpSEcGLNFXviNZDHGtiemu0y0y12F2.K8mN8SzoarHT3Qqegu9m
user0031,$2a$10$deWnE3mw1OVF1Gfp4p4y.eicn7Zd6I2EvbFAeMKjb3EMt5ag5l8AW
user0032,$2a$10$IDMd4r0sKxeYlZLH5Xv.CO74dXQJNoGHFT/DzrICVJl6Dd3N8EMP.
user0033,$2a$10$i4c7VeZtq0YTdeJb4JznG.L6YzpF6OFax1D3bxABdHcp0o59n28gC
user0034,$2a$10$vel8wESKyQ7Phyb5.z8cIuLypn5aNJqGxbRo3fS44IM99RFKds7vO
user0035,$2a$10$p30GODZH/GP9dYriQqxONuT5F49vs5FQKMp8GFQC6t/2ZRGAGzpwe
user0036,$2a$10$WvO/4.iPbc6MjtBARBjtpuo8yTMXQ3TLMxNtgivgSUZIdAu6UWOpS
user0037,$2a$10$QfIp1M.4fJqQxCSzwOhVQuUbjSZJWSvLPa.camtb/tx4vSrVLtE4i
user0038,$2a$10$L9Qr26RrQNulCD8AWoCmP.zDq4KF45slRIsYelQ/HVRG3M.yAqiFO
user0039,$2a$10$iczA1RPwRyEvbyNNjif6hu97UmbELwwUL95h/0yAyvvsIAFwzmpVG
user0040,$2a$10$zp0LUDGVEYSDFYsfnCZusunwSjO9VVdHcW2wZDGPqWpomd8zc5jqi
user0041,$2a$10$w2RmAwkSvcl7aPxD0.HWrO3jHZOwVzr9VjWarHstJZKMR43JUTHD6
user0042,$2a$10$uZkgOhJiQ7jEL43sJHgRFeG0N.YCfNXbpzi712.CcekI4PUmNE8na
user0043,$2a$10$X/VZwcuZErUmQKxJSWNmzu1T0OLXIs.kMM4frX2/IS4Me9ofBatzm
user0044,$2a$10$7bgBWActYoNbIwSzsx2PEOcnkfIyHOVvKGLPV6iusS2dzr7b1LhPC
user0045,$2a$10$oKXKQhoKfzn0BztcD.Jb8upJmxSTYJxW4ZS0bRWfoFdY0VbRv5wJa
user0046,$2a$10$LQ41uuI18rWaQaKAngJ8gO4uhEbpl30cu91c9.iRzH.V0e8.FYzK.
user0047,$2a$10$GjMtoZbWbrFV/3O9nqP9NuER8rEHoHOci76oMSdpxWQTSDf..uG1u
user0048,$2a$10$Dn7mUmAmWvpo8bohvdpI0evj4ZGHjuTYuwfv2Zy4k6Pgr7JUO02eS
user0049,$2a$10$0qgYY8B.Ft2gv7FDJ3mCAeJsxFzSkKjTuIgEBxbILWNvUbORZT9wu
user0050,$2a$10$xJL7ikzcFlLGCSjuC5zmMO/egqT0Q3FDIF9/786we/34A2WkHaYiO
user0051,$2a$10$WxFEJ2m0veT7KoWYk5OlU.WeZK8sJkxx6Y6xHscLjNlQFK697iREq
user0052,$2a$10$P3oHiI1VHKZFlSnshVKo4eg1iTRrIE4O1bocU1TAUHOMSeAL9fhGq
user0053,$2a$10$M5p6Xk48u5MDPK0wbAkWkO0KLDvJ.x6P.NfCR/zYqvZFnlqNXw5wO
user0054,$2a$10$fXDBpiAY5EjygF0pZWQSDulmfH.xzi94fi0lpvMTjQ.Yc3krtHMpa
